iteration,logZs,elbos,Ts
10,-2.944727770371766,-5.38671824910151,100
20,-3.0998220000470016,-6.5232398400696825,80
30,-2.711658458276011,-7.016535485882276,98
40,-0.17267780062846816,-6.865067315835617,108
50,-2.3943957975400982,-5.574446511050601,90
60,-2.94577429737151,-5.135696285175555,85
70,-0.5548444661050604,-5.715794366669238,101
80,-2.2053408604997373,-5.6678553505168505,88
90,-3.136067328705928,-5.910248762094734,88
100,-3.7107440548300437,-5.629803258704942,76
110,-2.1889475481757183,-5.2713570189301215,102
120,-1.1547876342178252,-5.358282309511269,89
130,-2.669682104232136,-5.404559526621527,94
140,-2.774831777199923,-6.8492585332972835,97
150,-2.051973864832264,-6.213377208297813,104
160,-1.7160015299084006,-5.84656940979663,96
170,-0.9424647532391668,-5.117224948214422,89
180,-0.7459194782662424,-5.118853586210235,101
190,-2.0257729376137235,-5.713105265572674,84
200,-1.9589890955859302,-4.610808138286823,74
210,-1.599784819944735,-6.036346682076354,111
220,-3.039152135936858,-6.687235096026893,104
230,-3.5251057868386253,-5.409358971714281,80
240,-2.9135482698901356,-5.902566928969643,91
250,-2.332131819761087,-6.516463851411518,112
260,-1.3894528919793774,-4.344023232129597,89
270,-1.2760091668082523,-5.383803453457248,106
280,-2.3884388014839506,-5.806673864123909,93
290,-2.2313671221704734,-5.731433457707564,92
300,-1.8532569723433667,-5.510511740108842,94
310,-2.5465839586587617,-5.760964207718106,102
320,-4.906502524991797,-7.091986799647945,97
330,-2.874185690831938,-4.818359431588756,78
340,-2.4140453993918447,-5.571987945220816,105
350,-1.377009717591695,-5.035632013252393,100
360,-2.2163657680861197,-5.806091024534581,106
370,-2.7808299899467053,-6.683932095750853,110
380,-2.0910511589196465,-5.7911130881953525,101
390,-1.0436023247573667,-6.3138069823451755,109
400,-3.11084442911476,-5.967845042024084,78
410,-2.154344561527891,-5.329393708991828,87
420,-1.686732411054321,-6.52456837462848,112
430,-1.3377594980336722,-5.358785966840677,91
440,-1.3628812461844513,-5.759838569477918,106
450,-0.9830876651966984,-5.2825481008101,75
460,-3.6623101476441344,-6.610768875400865,104
470,-2.738257351576245,-6.364775985561957,101
480,-1.7971103485547606,-5.328758368650762,94
490,-2.7749052919183503,-5.091726577222875,84
500,-2.3317247304327684,-6.8725113936886,103
510,-2.3587794812105245,-4.684438840989422,78
520,-2.221789488080312,-6.268901288102576,112
530,-2.931845807414143,-5.669112682953961,105
540,-2.3828559450664777,-4.575472055858593,78
550,-2.2299420753952393,-6.1464855092643935,93
560,-3.0685024638125475,-5.695571194405281,80
570,-2.5672651561003677,-6.700496780739313,112
580,-1.7084369768373004,-4.19999033527972,84
590,-2.205065321430125,-4.639880401205643,66
600,-3.238118682012099,-6.132479464141571,93
610,-3.3302089354731086,-6.754015745104957,92
620,-1.6321654131559669,-5.724606068235926,83
630,-2.1690192681525056,-5.9176767657800795,94
640,-3.874178568303886,-6.476269982121306,92
650,-1.7551981378399755,-5.952126252715938,96
660,-1.6825102717507636,-5.556657906204212,86
670,-2.3216597438000464,-5.527558094528038,88
680,-1.7857458286147945,-6.008996625420915,104
690,-1.642007070803532,-4.715980173834142,91
700,-1.6219342355609054,-4.982872099802197,94
710,-1.2516899924712908,-5.278961642405833,105
720,-3.621045219218167,-5.616745032449984,86
730,-1.3712620055780484,-5.5446478585165835,98
740,-3.1542324057293296,-6.553334173558254,94
750,-1.5408461807001095,-6.278745735329798,115
760,-3.559461693192821,-5.608853158969104,87
770,-3.2803706423899768,-6.830315201892432,103
780,-1.6967193724929204,-5.7463341356088495,103
790,-2.9057470684618556,-4.984462984371058,74
800,-2.2327339917172617,-5.193474260326105,97
810,-3.4380968960679246,-5.863231329011842,99
820,-1.0920606088301192,-5.700508480556594,96
830,-1.0933538236670475,-6.548729989565174,107
840,-3.0844892898190643,-6.679314606491844,112
850,-2.1461658466330524,-5.082848168564674,86
860,-2.943705822349357,-6.31792217582589,102
870,-2.923471048509194,-6.646394111809488,106
880,0.6369660647183415,-6.483934005851397,111
890,-1.314543733273699,-4.434784117751153,85
900,-0.6260485034675827,-6.482164346582676,111
910,-1.5984643092394564,-6.292003847395005,97
920,-2.552393428175938,-5.740469504629882,115
930,-2.9291221686896516,-5.622697812014585,91
940,-2.285796338249189,-6.278253934549348,99
950,-2.811269705828819,-7.15575296482821,113
960,-1.3605931164587024,-4.7220256524292274,91
970,-0.058414663938656464,-5.271488037031376,87
980,-2.7906299220251247,-6.03409033875628,109
990,-2.6393087093548484,-6.076216918694827,99
1000,-1.3014270411168143,-6.113789038308818,113
1010,-1.795500611824756,-6.3540248382947855,112
1020,-1.5201936594290022,-5.843653879077319,97
1030,-3.3661716107442587,-7.6334523112216015,99
1040,-2.970993639363479,-5.917032397800797,93
1050,-2.9288453679289046,-5.425953173181755,82
1060,-2.0309998700453513,-5.047996517956029,89
1070,-2.4677878231982873,-5.371881894007589,87
1080,-2.6454857816034427,-6.305953705963374,101
1090,-1.5884144438628942,-4.8429784352987735,86
1100,-0.4763657128677097,-6.282070924110071,99
1110,-3.471894155305764,-6.366938369613057,96
1120,-1.004893558750533,-6.438780208317433,103
1130,-4.373345169490826,-6.0909754601965505,73
1140,-2.7287724607105828,-6.903094682447465,108
1150,-2.324566726938973,-6.54337622447388,106
1160,-3.1596134033138763,-6.624247242958096,104
1170,-1.6149507242702434,-6.561271535533079,112
1180,-3.085553912421773,-5.7409169821435455,93
1190,-3.937360640134764,-8.147734084936502,118
1200,-2.5696937282021644,-5.210589582117572,93
1210,-2.2998296110077274,-5.284419703358418,79
1220,-1.658576325730138,-5.440184545964396,91
1230,-3.2716758526045018,-5.453029827095664,93
1240,-0.9243418955288156,-5.3006160329224326,102
1250,-3.0808583829354865,-6.785125008387913,105
1260,-1.4345063560085678,-6.312324899611771,101
1270,-1.8037684356421584,-6.349331587328745,98
1280,-0.17680963253771598,-5.42806445900411,93
1290,-1.2583538916351698,-6.418021502516581,103
1300,-0.09944534948478134,-4.968803197940182,102
1310,-3.0072692889186285,-6.436487907644828,90
1320,-3.570664794884567,-6.778123872406891,114
1330,-2.619249173261154,-5.12419894760752,75
1340,-2.2211353456559433,-6.442757620542073,103
1350,-2.761073995101564,-5.344951286748087,93
1360,-1.6306776350758583,-5.606217614514964,99
1370,-2.5045344659129904,-7.5458274225230015,111
1380,-1.777189741530878,-4.903639757511641,98
1390,-2.9703881154587304,-6.588416169117565,107
1400,-1.810862607764191,-6.426867062712815,98
1410,-2.776547353287496,-6.366289895393351,96
1420,-1.0464708952963844,-5.7094085580805345,107
1430,-0.8524287145833127,-5.852794057691735,103
1440,-0.6937626041363245,-5.573137279903393,97
1450,-2.922720667598627,-6.040921944797949,105
1460,0.8844940339835561,-5.076063975313818,97
1470,-2.1961905831430664,-5.352320126433525,81
1480,-1.794217321150196,-5.19576679632554,76
1490,-3.0673794220572503,-6.8733795186207045,102
1500,-2.6298188003221634,-7.225877032462743,107
1510,-2.3763665316001643,-6.5207504503128115,106
1520,-2.058534115552173,-6.23540681487455,107
1530,-1.492787319176713,-5.294180827720651,94
1540,0.0866785582333276,-6.36950524982518,102
1550,-2.0163956262169247,-5.237493507285128,88
1560,-3.061181067324802,-5.17879416220114,80
1570,-3.0433942979957718,-5.598043324976126,92
1580,-1.5748737034467224,-5.28710132301343,73
1590,-2.0154799600938933,-7.281420389561098,106
1600,-2.0369303602238396,-5.500828883601233,82
1610,-0.6207458593764037,-5.014994879221777,101
1620,-3.1598812147481214,-6.505636869004209,95
1630,-1.7257115167111747,-5.558657688376202,86
1640,-1.0142293546527248,-5.192815952810139,92
1650,-3.3500761029374555,-7.12110442931802,115
1660,-2.4215799685489277,-6.541700651019057,105
1670,-2.1599372942752897,-7.519504529289573,105
1680,-3.169008136464811,-7.038501539821712,98
1690,-2.96286836077715,-6.279663157707802,100
1700,-2.9219699596629125,-6.303157525872536,99
1710,-2.5423389007399324,-5.880659801378097,93
1720,-1.7027816160914218,-6.0035551921349,99
1730,-1.7796240172052635,-6.11426025992495,102
1740,-0.8105572076889906,-5.371301840545304,98
1750,-1.5064667841230677,-6.758269335617727,114
1760,-2.160549401359518,-5.774612532264393,95
1770,-1.5781602364527054,-5.870467750962302,99
1780,-0.7992620192498907,-6.907379459375833,108
1790,-2.3009782718860894,-5.956396278624487,93
1800,-0.16266059290534018,-6.462719609132498,106
1810,-3.1378743220252976,-5.496455422509014,89
1820,-4.285803647813785,-6.109083139567957,83
1830,-2.1756065958878406,-5.9182955673965845,99
1840,-3.009058535366413,-7.016296062429747,115
1850,-2.4088974213961,-6.516747475462043,122
1860,-1.4882790945319004,-4.855102421502893,74
1870,-1.1677629769101148,-6.006909768316959,109
1880,-2.4688819241496054,-6.991258060266361,112
1890,-2.985112996637332,-6.695467474880342,103
1900,-3.1063653107900278,-7.4785721810926145,106
1910,-1.458418292794326,-5.158069320725678,101
1920,-0.3380751968427673,-6.432809082812425,113
1930,-2.0155257799148294,-5.183558573376004,74
1940,-4.058760527335146,-6.7130700011671545,103
1950,-0.7273414836412386,-5.211460209241462,103
1960,-0.8353986668813325,-6.424726600414132,102
1970,-1.3679539702087675,-5.649265807988835,98
1980,-0.5182435229784685,-6.506885862630137,123
1990,-1.3161286764516693,-6.106005940974846,102
2000,-1.3691220453380346,-5.660632033261098,89
2010,-1.9096654100051627,-6.594501815828941,105
2020,-2.2231107735307365,-5.662335905706052,105
2030,-2.702426923588346,-6.752508887070726,102
2040,-3.2932965186178533,-7.075737931333999,111
2050,-1.8896273764648441,-5.392361049324311,81
2060,-0.6273196935666401,-6.108406053454016,92
2070,-2.8081326361758894,-7.208483428351711,96
2080,-3.8893209194994824,-6.821901270267666,96
2090,-0.8584152382829631,-5.218416095059268,98
2100,-1.6495077413652848,-6.143193308975072,97
2110,-2.2588579886933973,-6.234002379611611,112
2120,-1.7353905707049997,-5.746743929315546,100
2130,-2.6889725134658864,-5.753735973654349,90
2140,-1.718056462340218,-6.415854643487297,110
2150,-3.0726119192405563,-6.657668523792585,115
2160,-1.3580182614845162,-5.189183163108279,106
2170,-3.31824283333945,-6.763945306956697,107
2180,-1.783004539127705,-6.059730489143048,103
2190,-1.836497047836096,-6.274605246843753,102
2200,-2.648982815268302,-6.3832678078041045,97
2210,-2.3533185377295633,-5.362211317385742,86
2220,-3.2890271654034144,-5.9167756564101985,85
2230,-2.212814825761111,-5.314555550994329,93
2240,-2.603626184659835,-5.506255314382352,96
2250,-2.52976334928554,-6.164961647140211,102
2260,-3.0270301733652794,-6.224330036281291,87
2270,-2.667795276320224,-4.961433759544757,69
2280,-0.2254535979158554,-4.815827484492217,101
2290,-2.994637742308976,-6.483898938751227,105
2300,-1.990347315819155,-6.0162467897089105,111
2310,-2.3498758737784784,-4.67991404804264,86
2320,-1.5100159743808166,-5.272965061695694,83
2330,-3.037759521098975,-6.535007127112242,103
2340,-2.3417906289328907,-6.554029382288756,115
2350,-0.9958182513896734,-5.630268977363383,100
2360,-2.2721792212107124,-6.399425425020796,107
2370,-1.308719033792769,-5.52870662067647,108
2380,-0.6205083386954247,-6.559467641389576,115
2390,-2.9884621176556085,-6.262564789291946,111
2400,-2.04659220015483,-6.058379667439941,107
2410,-1.501119353284273,-6.2588363996019485,120
2420,-0.20853855868261606,-6.194922318698945,91
2430,-1.7065361540097177,-5.944934238417338,96
2440,-2.4634185613505135,-5.999400112448189,104
2450,-1.1563386912598879,-5.611077774533301,99
2460,-4.376039159073157,-6.181183921279228,89
2470,-3.6929939919169206,-6.038265576973001,88
2480,-3.0747983042510163,-6.3100821874445545,101
2490,-1.9751145974901834,-6.4155724271226795,100
2500,-1.7696547101353894,-6.231325328895365,94
2510,-3.3793770125634204,-5.7268684109082795,84
2520,-2.240052046503415,-6.964864094145872,108
2530,-2.596661121124498,-6.908407601075044,104
2540,-2.894951758263204,-6.885028148641381,110
2550,-1.7957535418604142,-6.51583813082627,119
2560,-4.535058085587894,-6.097781725176191,90
2570,-1.7297196039965355,-5.36325894853929,103
2580,-2.4238022712659753,-7.371686132962359,107
2590,-2.464278493544157,-6.202774599200707,97
2600,-2.4757811930797233,-6.809436442981613,111
2610,-2.1947770675484066,-6.4683850970387615,115
2620,-1.6437717384400867,-4.735590074727456,94
2630,-0.9229629836036954,-5.838320763203294,116
2640,-1.4867486952833686,-6.000359661364443,96
2650,-1.921965826359389,-6.396627732329527,102
2660,-2.614858874742371,-5.933997381976098,98
2670,-2.9745830589075912,-7.06420780021562,104
2680,-4.619948454658919,-7.291201701390637,106
2690,-2.624504073375321,-6.561253906791527,105
2700,-0.36198470056160126,-6.23928961423457,92
2710,-2.295862155219811,-6.407556180646288,102
2720,-2.299920165101164,-6.618736328520075,116
2730,-1.5178539045405364,-5.935730993270878,88
2740,-2.354077709441982,-5.393162621348659,92
2750,-2.8749193165502693,-6.310378010767555,102
2760,-0.8857727498511001,-5.641132502998475,101
2770,-1.8452805470525726,-6.619888933892542,114
2780,-3.8131145556604795,-8.051112141490387,109
2790,-1.92849956746125,-6.89790663047391,105
2800,-1.8301973008802137,-6.643069390283883,114
2810,-0.6245063987184793,-5.151101428514059,85
2820,-2.8268597930123454,-7.043741237174384,116
2830,-2.690866087233301,-6.309808717028917,112
2840,-1.0416864834568855,-5.358784363825361,88
2850,-0.9453037537925439,-6.439645244136119,112
2860,-3.997829750306431,-6.838411902696941,94
2870,-1.8153362881602615,-4.895785559042697,84
2880,-4.407471490309589,-6.653176309664622,93
2890,-1.0914004570033429,-5.515768347612889,103
2900,-3.06117752182149,-7.107024020593353,112
2910,-2.7927650076592294,-6.624440316664229,116
2920,-3.123869857167097,-7.017785540335157,105
2930,-1.99699442362623,-6.408662049486366,112
2940,-1.2717619456385982,-5.616449761855965,88
2950,-2.513369195663388,-7.203312819932324,128
2960,-0.7734735647748545,-5.395517091194929,98
2970,-1.743495085684808,-5.177540972882897,95
2980,-2.6248374422072325,-5.793640128274225,102
2990,-1.18282891153547,-4.8077977054069025,89
3000,-2.350777607536882,-5.899403415145165,93
3010,-2.465382975816237,-7.73998833203188,106
3020,-1.3602118345299261,-4.431082545362943,65
3030,-2.3453625310277673,-5.638668240667723,83
3040,-2.091988833971672,-6.954104513570428,98
3050,-1.4100479175195382,-6.859011838457515,111
3060,-4.26833990877876,-6.611448534178621,93
3070,-3.1642457556224066,-5.5768723417714785,83
3080,-0.022880030773126947,-4.818363267912699,66
3090,-1.1246540325449867,-5.121196966206724,76
3100,-2.3495958478062953,-5.233574598972436,81
3110,0.6307982398704097,-5.590353072560063,101
3120,0.1678132809501891,-6.228549196042344,109
3130,-4.119185227379932,-5.727864325061232,87
3140,-1.7741399438222012,-6.134747792185127,110
3150,-1.7033845406663164,-5.892905499620486,92
3160,-4.202441354033087,-7.43799263463149,105
3170,-3.1974403140100742,-6.906834696006792,85
3180,-1.044269503515697,-5.9730549038994445,107
3190,-0.3583425516517078,-6.77394248369683,114
3200,-3.3739748073688576,-5.983335254044966,108
3210,-3.772479909712054,-6.150393262881916,91
3220,-2.573119123506018,-5.669083724996038,76
3230,-3.628435240317941,-6.256140613395661,97
3240,-1.9208039806015063,-5.769016714327237,107
3250,-2.295002040095612,-5.737468046410983,95
3260,-1.124902697272426,-5.323501541149505,102
3270,-0.43536857008291996,-5.357132124150877,90
3280,-2.6187147924993797,-5.811730126673006,101
3290,-0.318778811524111,-6.265967336414197,102
3300,-2.121772639924597,-4.954474067324806,82
3310,-4.352281151798192,-6.373622882157785,85
3320,-1.668973184617295,-6.038850049514155,102
3330,-1.995318384092919,-6.7315641270358855,116
3340,0.3006246029275772,-6.019629118359732,114
3350,0.08703424142742433,-6.130885483723018,98
3360,-3.4227077652861375,-6.76702575663293,115
3370,-1.1389555361325758,-5.391345011281919,80
3380,-2.4829390470214427,-6.0656050140006394,85
3390,-3.4237126483670854,-6.17200584970923,95
3400,-1.1393584560616619,-4.487179611480929,78
3410,-2.1880413762215003,-6.9138815540163066,102
3420,-2.2105939443070253,-5.65658865748074,94
3430,-2.2103472644715216,-5.222899982168318,102
3440,-3.4861430718789443,-5.392368890814227,69
3450,-2.8802274788771673,-6.415321560860952,103
3460,-1.6329681263055242,-5.005974107410212,93
3470,-0.3755840426208894,-5.748582114471659,106
3480,-3.718373000911746,-5.866656932987176,86
3490,-2.348877362140826,-5.697062700394981,83
3500,-2.3022395328609297,-6.608752900059001,108
3510,-1.5978646224663924,-6.120374704382345,98
3520,-3.0335994373405875,-6.203693822340741,90
3530,-2.816085150894062,-6.368456232228821,92
3540,-2.0201407370953173,-4.938601535439634,89
3550,-1.6965567082314386,-5.484946688779306,89
3560,-1.5703824960111492,-6.853694196557745,100
3570,-2.2841464856524665,-4.929541183866547,90
3580,-1.3190479914306845,-5.322060461608067,84
3590,-3.2137921806118337,-6.707436035411533,99
3600,-2.827536868546816,-7.265307641249831,108
3610,-2.220204298951728,-5.808508831712475,92
3620,-2.327817449692699,-5.958607202035197,97
3630,-1.9513770945414404,-4.919788516030162,87
3640,-2.1108595135927937,-6.227961583491512,99
3650,-2.6666110697048278,-5.136692236537466,91
3660,-1.6542920469361506,-5.288601909537216,94
3670,-2.2820951186717737,-5.438419558563292,88
3680,-1.5103644682668118,-5.129099844009272,87
3690,-1.8105433061092753,-6.051452931764161,109
3700,-2.170849803537947,-5.50228957853208,87
3710,-1.858363153952637,-5.384937695167866,102
3720,-1.2403653756025759,-5.899783638452613,107
3730,-1.283025398176496,-4.884876509629383,93
3740,-3.9921631647496003,-6.759004397409003,98
3750,-2.3766429127464184,-7.201343791163627,113
3760,-3.4216049383788443,-6.799298892321184,91
3770,-1.5444753854596134,-6.2092169609479795,103
3780,-2.5796963032313567,-6.336534791463095,96
3790,-1.8331948618724607,-6.040065923790681,100
3800,-1.6499822830191193,-5.3849113174061545,115
3810,-2.2745859442194973,-5.697237452135641,109
3820,-2.618049067916179,-6.9147661875979125,105
3830,-0.8664675804483579,-6.2734859032158345,103
3840,-2.5339222259514327,-4.67993361529966,71
3850,-3.354815095903258,-5.913245826184111,94
3860,-2.834124095281489,-6.205720941392019,118
3870,-1.566505720440649,-5.525228224283033,98
3880,-2.508451797154959,-5.891193120778801,82
3890,-1.2297454747366854,-4.91789371304949,89
3900,-2.640805275125129,-5.4587757190076225,94
3910,-2.4895994625377638,-4.827704008517092,78
3920,-2.281710623613278,-5.413654982779647,80
3930,-2.35527649196695,-5.1315335219127505,77
3940,-3.1986630078371285,-5.445747949196868,88
3950,-2.020756127965264,-6.569293003910578,105
3960,-2.7766216546141265,-5.61438890506223,96
3970,-3.7848818648300826,-6.263570136926908,95
3980,-2.5071675922907435,-6.980602619117905,106
3990,-2.5002413213931654,-6.551356112366825,96
4000,-0.5893301556120427,-5.354078468724677,91
4010,-3.6220691027352148,-6.3770926680876405,95
4020,-1.6440625896978025,-6.066722329902695,107
4030,-3.286854345409886,-5.958881561220093,94
4040,-2.6207145348754928,-6.515848671784046,103
4050,-1.4617058989230083,-5.6680149686601045,102
4060,-0.6281492183830282,-5.746141085860391,99
4070,-1.4496675282582459,-5.451753531541804,91
4080,-1.4957305123441824,-5.36567927371544,86
4090,-0.6469802898566339,-4.5526823608792455,81
4100,-2.082002769771483,-5.568631377815395,95
4110,-3.5394807447800565,-6.93947681551824,98
4120,-1.9690373335825648,-5.449447674394577,91
4130,-3.280054526122762,-5.945575765987729,92
4140,-1.465797489363121,-5.798622965853326,98
4150,-3.2562705578927376,-5.506815069588596,93
4160,-3.7779070039205935,-5.787560429190876,83
4170,-2.5296235218031278,-6.092950353866121,98
4180,-2.2082226735115524,-6.1644674114618265,99
4190,-1.8338823457394398,-5.7390184126929995,105
4200,-1.1076108078182787,-6.6949126227273235,109
4210,-2.0410371532177627,-6.688817026335296,108
4220,-1.471149906651758,-5.43554745030572,113
4230,-2.3689024267249486,-5.407912082349223,90
4240,-3.019497971649778,-6.244999277336282,112
4250,-3.5140654670257807,-6.490785337913877,99
4260,-1.8652595765493813,-5.833075224752443,100
4270,-2.4276232868254137,-6.725318200326389,114
4280,-1.2575386189151518,-5.301983439572498,99
4290,-0.237194421396699,-4.5057489340672285,102
4300,-3.456467576933629,-5.424326530751915,68
4310,-1.857479677158493,-6.704155956263482,87
4320,-2.692019689323216,-6.642200438749003,116
4330,-2.005037568013315,-4.911878803069368,93
4340,-4.037286103994386,-6.268485895085407,100
4350,-3.133870807660205,-6.310135618666582,101
4360,-2.5596130801878383,-5.3807259660283275,84
4370,-2.2354941827457466,-5.860629187280591,95
4380,-2.6399814500106267,-6.785708713933644,107
4390,-1.6310367195224578,-6.466833390606343,103
4400,-4.258817916606245,-7.250621474366187,98
4410,-1.4751024563930668,-6.422080469294499,107
4420,-1.6128417297348256,-6.585452809171562,106
4430,-0.5210263397334369,-5.792253332498324,107
4440,-2.761368442335834,-8.67798655941652,128
4450,-2.046717594063943,-5.697407335201352,91
4460,-1.7621513926658485,-5.555944713521478,87
4470,-1.878916645103853,-5.6309694006198825,92
4480,-1.597223235058764,-5.355178014486675,85
4490,-2.0384102503000046,-5.219602509064477,77
4500,-0.8928827806443302,-5.469175663116342,90
4510,-2.911359841335338,-6.240186680771367,115
4520,-3.1206806990033003,-6.121577362598024,87
4530,-1.836768921430563,-5.696840857604775,97
4540,-1.7961570390034978,-5.48387957948436,80
4550,-3.3720519848753012,-5.957477106908318,65
4560,-2.868977145640333,-6.632058916322383,113
4570,-1.3904241929445726,-5.493400239025804,109
4580,-2.894438430830668,-6.265183774340905,108
4590,-1.8626942969810596,-5.770988194583347,92
4600,-3.7106475889386745,-5.628123549894538,83
4610,-1.7140279247667047,-5.94673382291945,95
4620,-2.0802557561412662,-7.149673171636603,119
4630,-3.6548363669827815,-7.3040559625987695,112
4640,-1.911131947407839,-5.545701685273432,92
4650,-2.5961591818996475,-6.066647638348775,88
4660,-1.3689121488672833,-6.262620831177782,105
4670,-1.8097858739364256,-5.734906175928817,92
4680,-0.9469583850312433,-5.690854719671058,96
4690,-3.4272976865135556,-6.259411178269011,96
4700,-1.5964499372130145,-6.572431391339694,109
4710,-2.3937215658175326,-5.957801968910767,92
4720,-3.2102080656360124,-7.063420989635419,107
4730,-2.9610684283699604,-6.437446205774395,114
4740,-1.2060143408371222,-5.662808955978385,87
4750,-2.683428519810152,-6.531058285766482,106
4760,-2.7779166217686773,-7.247001581852894,98
4770,-0.5250821422302763,-4.565521784439472,94
4780,-2.377900359669251,-5.5757976529488245,90
4790,-1.848898533144728,-5.311195913303026,93
4800,-1.684410849248474,-4.950324736086905,83
4810,-0.793631445105397,-5.692255863038679,93
4820,-0.9456473252755835,-6.218059169929989,105
4830,-2.3069480972968477,-5.840239724781437,101
4840,-1.4001165107731794,-5.861167980136407,89
4850,-2.0560945324814703,-6.584242525117733,96
4860,-3.8062977668449616,-6.359284757418068,94
4870,-1.7206113959205511,-6.8780831948178625,109
4880,-2.647624499969121,-6.084607915889225,99
4890,-2.05473769700542,-5.755685576092278,98
4900,-1.9060768986047165,-4.973248782375535,76
4910,-2.9544246637380702,-6.132405889962581,95
4920,-2.028754324191519,-4.785682845007307,96
4930,-2.1605599365210084,-5.763911840006617,99
4940,0.10546743441485784,-5.050808024614693,113
4950,-1.6151114009428968,-5.958566317810346,88
4960,-2.436027880910916,-5.432383046677585,93
4970,-0.6240780270735855,-5.796917566326692,97
4980,-1.3855882136314044,-5.789046813694087,100
4990,-2.4841416374925416,-6.0134267653534454,98
5000,-2.1023458354173004,-5.829889085701888,76
5010,2.890599489472026,-5.609967296599827,91
5020,-2.2256948649606176,-6.928186498690798,115
5030,-2.60623654428366,-7.041806038721988,110
5040,-2.0694059057838086,-4.993221852979927,95
5050,-0.16794537769465334,-5.049487643795485,87
5060,-2.9942111979894097,-5.301005188999956,94
5070,-2.96112509388233,-5.417320304714264,79
5080,-1.1181819292457278,-5.824418806307843,92
5090,-1.2552845225933549,-5.721902962336941,97
5100,-1.4117531687783846,-5.573701110450149,89
5110,-2.8115218639710973,-5.413892177426535,88
5120,-1.7583772473142663,-6.369667985310624,101
5130,-2.1930230462514744,-5.930823228371685,109
5140,-1.3091406810330874,-4.700011185663513,81
5150,-1.7232578350371135,-5.4473327888555785,99
5160,-2.2124843105652734,-5.705997995445392,97
5170,-3.8313001723721776,-6.616706349634363,107
5180,-1.9112260452981034,-5.090511444750399,88
5190,-2.636059889370261,-5.426501278538519,81
5200,-2.5728782750003347,-4.975135296788064,89
5210,1.2102378204057351,-4.413194793683587,81
5220,-1.8014814931716152,-5.151055784132509,88
5230,-1.843106732027592,-6.620859157187003,97
5240,-2.7432312496322533,-5.9102626927013695,92
5250,-1.852645430219313,-5.526417292836426,89
5260,-2.3429538575129114,-7.069670240025387,110
5270,-3.133588304559646,-6.009091857673894,72
5280,-1.8939456140545066,-6.4385582696544486,106
5290,-3.234286541473152,-5.067536608371833,58
5300,-3.669317252329619,-5.9041284859451295,90
5310,-2.843598951741038,-6.502979111519968,102
5320,-2.5144603259626086,-6.163670616902161,97
5330,-3.063987192460156,-6.2566573353887405,88
5340,-1.8483159199400803,-5.747606619397949,104
5350,-1.5603650893628238,-6.181635973483822,116
5360,-1.178242307772889,-5.486846148877288,102
5370,-1.5849650720532733,-5.743263288348113,78
5380,-2.031017806580551,-5.2693916484235865,72
5390,-1.1213123164798007,-5.890657143583018,104
5400,-2.139169877388216,-5.412230117497968,84
5410,0.24248477176819794,-5.542214556503964,92
5420,-2.354828103762393,-5.579387502970373,87
5430,-2.266140039230345,-5.240054896985974,86
5440,-3.914857135058725,-6.683675322287191,98
5450,-2.4280573231644738,-6.30265237601668,86
5460,-0.5236131572395899,-5.375399026971694,74
5470,-3.7191435551270042,-5.325667707680578,82
5480,-1.4839440292688577,-4.776981247009314,89
5490,-1.6084760446428978,-4.8538942198720765,90
5500,1.893495563424374,-5.255708052527911,110
5510,-4.215294905467174,-6.736470534958513,81
5520,-3.3833781643275342,-5.537606999892177,87
5530,-2.056498321072501,-6.706807568387535,104
5540,-3.178832363395108,-6.340301308802825,88
5550,-1.4030345310039825,-4.727361530488244,67
5560,-1.9348492675727185,-6.530063551291082,124
5570,-1.7610255791535754,-6.317999053795902,96
5580,-2.104549629975479,-5.552158171465747,92
5590,-1.2319024287440872,-6.476111795763741,92
5600,-1.9343355685489803,-6.243938237342032,106
5610,-0.693100328818328,-4.8294975534062665,76
5620,-2.7840978492138126,-5.904611757806793,94
5630,-2.5122158489313917,-6.5066893233312,103
5640,-2.445375180969698,-5.273883854926699,75
5650,-3.9905859487563298,-6.4315615120843805,89
5660,-2.052226326090084,-5.074441844903039,87
5670,-1.9889936817955858,-5.571921479985654,86
5680,-0.8784815403637625,-5.823600783722525,102
5690,-2.309354074765781,-7.1801024529703845,106
5700,-3.613604647624535,-6.637024541553736,90
5710,-0.88413668639142,-5.044571773343526,87
5720,-2.4426784380418933,-5.457645133585128,93
5730,-3.059337382107515,-6.608879298323473,98
5740,-2.2453844244217462,-6.435585582332343,94
5750,-1.0102465588767862,-5.305537101973367,83
5760,-1.7576793576734129,-5.728063146134485,87
5770,-2.0829506411540155,-5.075165962948967,81
5780,-2.2503300562004664,-6.57525133727964,109
5790,-3.7045206075200836,-6.503958813140229,101
5800,-1.9558564320184333,-4.684544413743836,68
5810,-2.26513161142119,-5.630534344638324,97
5820,-3.032609385249835,-6.904299596250216,100
5830,-1.985038305782401,-5.661215424392489,96
5840,-1.7719949262022383,-5.6789015448527635,78
5850,-2.201630705191697,-6.327308641232058,94
5860,-2.131417231724031,-6.623239565220875,112
5870,-1.8186142091891697,-7.5250127508226425,108
5880,-1.796770062985215,-6.041767154155421,88
5890,-3.4934817517427623,-6.697172715173654,98
5900,-1.9762025708076112,-5.909230991893538,85
5910,-1.684847138488422,-6.3165290743439675,101
5920,-0.31739371054936516,-5.053362848720621,92
5930,-0.5202273479290715,-5.798163415228838,101
5940,-1.7613428669677411,-5.873158839532177,84
5950,-3.1281326406006214,-5.415271174958697,86
5960,-1.0055893919875505,-5.779209991601473,111
5970,-1.7491545689906232,-5.459342829919297,87
5980,-1.7616195982977023,-6.371124138267374,97
5990,-1.5782529219594148,-5.955686455276283,106
6000,-1.722214456027992,-5.896226891351228,96
6010,-0.6344622911824973,-6.236418155261015,100
6020,1.6119777779573181,-5.093803715236749,79
6030,-1.5837721448379032,-6.2142993484092255,104
6040,-1.9118169278549757,-5.606075227741045,92
6050,-1.1341523211839135,-5.978543109857201,92
6060,-2.097160673824875,-5.522188109688039,92
6070,-2.6503944135886277,-5.899574173404949,95
6080,-1.2687846273359438,-5.177864833120614,81
6090,-2.562580149318728,-6.636397240162221,104
6100,-0.5668686644832954,-6.621759474369573,103
6110,-1.9568103588885362,-5.746380861609454,96
6120,-3.1337010141054753,-6.099810257361179,88
6130,-2.4180934018653724,-6.416841293320864,100
6140,-3.060964538131751,-6.751389704916166,98
6150,-2.0320461803562067,-6.561880108347446,95
6160,-3.0095505348029965,-4.980379706253854,68
6170,-3.14092523378402,-6.584804124904402,93
6180,-3.211412875472913,-6.94119774578012,88
6190,-1.5095423058798492,-5.7631098720683,98
6200,-2.809821792469762,-6.023421577879601,98
6210,-2.9515971498185283,-6.886234815083789,98
6220,-2.581757252431562,-6.250074706432938,89
6230,-1.0853149769971844,-4.048394710712368,69
6240,-2.4185913830120187,-5.729936844028392,82
6250,-3.26694657853847,-6.351069854641257,94
6260,-1.162854546504935,-5.632013175456363,97
6270,-0.7664497970044697,-5.199222271346685,85
6280,-3.2853070314798805,-7.456180502739989,112
6290,-0.5671887718310757,-6.187876366535442,102
6300,-2.955977368463378,-5.364979108549817,80
6310,-1.816265710837549,-5.495173020823921,94
6320,-2.295762790281266,-5.0314219035196555,92
6330,-2.2370544193527664,-7.059543267171115,103
6340,-0.049840626759940054,-5.033302320952075,100
6350,-2.1838440937424735,-5.1339945307009245,84
6360,-3.156696209658937,-5.714662731978294,90
6370,-1.7030899653093758,-5.553451844356015,96
6380,-2.591998631665522,-5.912101110679634,93
6390,1.6508849549966125,-5.2405258067598135,90
6400,-1.393427420817214,-5.45434139940393,77
6410,-2.3772165377189065,-5.300308014992668,99
6420,-0.06876749598427079,-5.238526530326331,92
6430,-2.303046999421164,-6.384614450711012,94
6440,-2.95471875598812,-7.243092853318064,114
6450,-3.220675547550897,-6.246272216803136,93
6460,-0.06764003717404643,-5.099659446745754,78
6470,-3.5244199166611674,-5.36189260929461,81
6480,-2.078273766582189,-5.285711714264655,90
6490,-1.5132868523221994,-5.384638441692675,82
6500,-2.3248167810864757,-5.277550494816478,95
6510,-3.742073287455133,-6.53874954431365,92
6520,-1.8951324081343404,-5.943489313767105,85
6530,-3.7187600601695037,-6.8749442320496,100
6540,-1.6275459691411966,-5.021847338066697,82
6550,-2.7999959914976995,-4.800339982041577,72
6560,-3.322836814360573,-6.0578758248018945,84
6570,-1.5383699341716686,-5.682091127177902,85
6580,-2.3635999513706514,-4.889086076465367,77
6590,-0.20146224986728845,-6.845372270603771,111
6600,-1.1952093126614058,-5.553261838406295,90
6610,-1.1441039874376138,-5.840065548391317,105
6620,-2.947090204217903,-5.678269327289797,84
6630,-0.42545060421142145,-6.793334914147787,107
6640,-2.0662568974822353,-4.906674825681223,76
6650,-2.160565856447355,-6.163809935655769,92
6660,-4.0157284095903565,-6.928629727250296,103
6670,-2.0932275357415855,-5.8065732720200955,100
6680,-2.954891264694518,-6.307288407002964,94
6690,-1.1857636175125248,-4.9766818626931855,76
6700,-1.5568007280922487,-4.412722590402158,69
6710,-2.8304456659684876,-5.429946486983767,80
6720,-3.68396416884117,-6.487320558040704,105
6730,-3.7117546099704994,-7.079269020332792,94
6740,-2.327435351274307,-6.5092042973197,96
6750,-4.009879825760337,-7.825878615432956,103
6760,-2.5704768828341678,-4.955462345987739,80
6770,-1.264855211773555,-6.0457005896348495,103
6780,-0.2737045671917384,-4.875843891240278,88
6790,-1.4805970904786165,-4.52078693051687,83
6800,-2.9840451739999603,-5.95420952649013,84
6810,-2.291922120787768,-6.064957964012607,92
6820,-1.049698789898124,-4.919646859794526,92
6830,-2.024572000559332,-5.414877843069233,93
6840,-1.632907873068145,-5.740088010747475,87
6850,-3.4985091454009654,-6.008507793275562,97
6860,-2.0492951449281125,-5.83601911451986,87
6870,-2.314506509924083,-4.988596404299924,79
6880,-0.3389642683704279,-5.45350500242238,97
6890,-2.0755708336758425,-5.40688962201776,89
6900,-2.565106557212227,-4.844386401419117,63
6910,-2.7372597286392324,-5.762330468166324,86
6920,-2.805759680820346,-5.475086476664266,86
6930,-1.7010076604245887,-5.840014969004001,100
6940,-2.2154790742330928,-4.597397355274176,85
6950,0.16448012653020339,-6.2866362104692355,102
6960,-4.052982221265357,-5.877081496127591,83
6970,-0.48156907093181456,-4.684903015417809,86
6980,-2.2093108838076034,-5.235590658659259,90
6990,-3.360695113527928,-7.243200730008949,104
7000,-1.5491748986398914,-6.392519858304052,109
7010,-1.7655988579152853,-6.162413478736005,99
7020,-1.247403235489572,-4.594121889666187,86
7030,-1.2216396497055673,-5.389691821507615,97
7040,-2.4702820520146256,-5.624414022356434,81
7050,-2.7679080467053168,-7.046246040553893,102
7060,-1.4703503379205838,-5.263909882402063,82
7070,-2.317978460184272,-5.817307070651907,98
7080,-3.466749249830244,-6.133540631836101,90
7090,-2.095051551856581,-6.295675498928508,93
7100,-2.678903064573356,-6.214098864105523,92
7110,-4.131088618252472,-6.779442907755016,88
7120,-2.249811760673401,-6.258270128519196,100
7130,-2.4226697873640446,-5.874229172671733,83
7140,-2.4224062354148233,-5.629432395648357,85
7150,-2.4959510994576024,-6.806106256628763,114
7160,-3.319570947448268,-6.008300404528889,102
7170,-2.1656708518964143,-5.936722502072582,94
7180,-2.6741636506163298,-5.743061136200767,91
7190,-1.8934292036281033,-5.801025075210824,97
7200,-2.3261008103927168,-6.571626031978923,102
7210,-2.7586843542656565,-5.566155369549838,90
7220,-1.6097427397062742,-5.5841459527169635,94
7230,-2.1659293287902432,-4.819385525752552,79
7240,-0.8037716140659863,-5.306169337378751,99
7250,-2.8937054524806944,-4.9666696854187204,90
7260,-2.9616564062471444,-6.024423395933527,89
7270,-3.7201651894189065,-5.632857755711421,81
7280,-1.9928339971028524,-6.895499757743568,104
7290,-3.5564139897287825,-6.057956963091856,83
7300,-2.9771258034686574,-5.635375226434133,83
7310,-3.464498323332525,-5.90525657094328,94
7320,-2.8732686055521492,-6.290338604261475,111
7330,-1.891272148704647,-5.707557198757831,96
7340,-2.863119188972279,-5.7900564637704015,97
7350,-2.6868431283808567,-5.083690977522596,80
7360,-2.731132936817077,-5.933162362424566,108
7370,-2.837492646741925,-5.965272052520251,84
7380,-1.6581084651420603,-5.298991398828075,103
7390,-2.0805593127979245,-6.351156799091267,102
7400,-3.02461562544548,-5.81108297199905,86
7410,-1.5436074833583726,-6.832173425964983,118
7420,-2.2382815424994833,-6.428960830011804,101
7430,-0.25173192413425083,-5.190036568064121,90
7440,-1.2438447386230895,-5.527938179361798,94
7450,-2.34503208597643,-5.762597043164123,83
7460,-3.059076144212588,-5.649566782704172,86
7470,-2.1635839835921566,-5.358031672674834,93
7480,-3.810487573482052,-6.709235643880691,98
7490,-3.1640343264965125,-6.279476166460005,107
7500,-1.8353639972704834,-5.907459048438186,102
7510,-3.3667800782621695,-5.678414763898194,90
7520,-2.933058027382103,-5.484225945111577,88
7530,-1.8965356083909373,-5.397249167882607,94
7540,-2.85394121496145,-5.384317500009168,87
7550,-2.6830621251980427,-5.684998707348347,77
7560,-1.6573266327097511,-6.247018415955212,99
7570,-1.9766535252379158,-6.316558905827682,111
7580,-1.8711642475099302,-6.017630422635808,101
7590,-1.900010671560969,-5.238756443304885,78
7600,-1.624528707428197,-5.4588583220371145,97
7610,-2.065244260666813,-5.411714880130087,87
7620,-1.8388210633314361,-6.751642846112356,96
7630,-3.4363309364810775,-5.793787048843832,96
7640,-2.3672752963508747,-7.583286395646867,121
7650,-2.1665491348991397,-5.778364886213812,101
7660,0.9160225878927224,-5.15351976787975,87
7670,-0.7294302407465882,-6.2557174170455125,104
7680,-3.42172561964115,-5.475333070943262,106
7690,-1.1881973052542882,-7.928851770602073,111
7700,-2.152690591853352,-6.453264985034134,106
7710,-1.3891660675435729,-5.382589981961409,100
7720,0.5251617458875613,-5.644032696382659,99
7730,-2.9285488921896654,-5.908826812374419,94
7740,-3.5345280467431723,-6.317449330808548,93
7750,-3.3379179905731875,-6.171396730636582,93
7760,-1.0527803217216856,-5.793647164922338,96
7770,-2.691625871578162,-6.503643616352386,94
7780,-2.309573965737974,-5.123785913330009,76
7790,-3.4578243338438366,-6.116691300454274,86
7800,-2.994661792563023,-5.834266426942926,89
7810,-0.7008261488326659,-5.713359335681091,106
7820,-1.9073054395654383,-5.559402485447872,90
7830,0.0053034640122806564,-7.238952731548497,121
7840,-0.8250803286694111,-4.390614944747206,78
7850,-2.154333624732537,-6.40695112482761,106
7860,-3.710487256794103,-5.854139040394438,83
7870,-1.7755130810462516,-6.461869023083452,110
7880,-2.767629120514168,-6.84009427266766,98
7890,-3.4975261714678516,-5.749868522375894,95
7900,-1.6824984644296728,-6.216581088732944,105
7910,-3.7244793230347666,-6.93043170667447,108
7920,-2.446097660471678,-7.338325262917884,105
7930,-1.4606982957431862,-5.143257172385183,94
7940,-2.6480244317309416,-6.450762295276065,103
7950,-2.1203714857455958,-6.456429723780971,102
7960,-0.44786134633422714,-5.176542236389431,96
7970,-1.6174706327409742,-5.68703329645884,99
7980,-4.256055568907562,-6.656817291383797,96
7990,-2.9507257112841936,-4.684521393271982,68
8000,-0.7853314836699439,-6.016425257104872,92
8010,-2.462232919023241,-5.522889221526803,101
8020,-0.5732951753023161,-5.280079331433247,94
8030,-1.9805964852633169,-5.036260429935463,91
8040,-2.4582215084348054,-5.822473267152734,106
8050,-1.3428881081536783,-5.02180442523414,83
8060,-1.378105365900411,-5.639307761650733,93
8070,-3.1871267963515604,-6.394370314380017,101
8080,-2.77629926309181,-6.5911525835217155,108
8090,-1.485829070142329,-6.914914892594856,103
8100,-1.5291511428604545,-5.985807443193496,100
8110,-1.9835580578601943,-7.668287822055299,125
8120,-3.0975013810086285,-7.209279504833663,107
8130,-3.929425750035935,-5.6805807717302175,76
8140,-0.6076728821604909,-5.317716463424742,105
8150,-0.9837106773811484,-5.337407627293414,104
8160,-2.251571699346438,-5.892810344514855,98
8170,-1.3888771438414458,-5.37823855682573,90
8180,-1.4322857671015092,-6.492995600825817,108
8190,-2.1796554662206127,-6.318398659524687,115
8200,-2.6670070837976536,-7.739015930053819,111
8210,-3.49475440226895,-6.531827895017695,92
8220,-3.632504162086934,-6.463478547413638,88
8230,-3.028822600211381,-6.4142686505223345,102
8240,-3.225689371469832,-6.250088169359662,96
8250,0.05140432229563663,-5.765006786781752,98
8260,-0.5028057361456608,-5.231908060780193,106
8270,-3.268511119513077,-6.063423539529573,84
8280,-0.21290667002969776,-5.764476395452797,102
8290,-2.674069105213764,-5.711723955138212,88
8300,-1.5254098637957374,-7.106203146652182,127
8310,-5.015944341256164,-6.7166753380183355,93
8320,-3.829489745742532,-6.324980990289099,88
8330,-2.59318891208357,-6.314975619726096,93
8340,-2.5885851890301153,-6.389423502188155,106
8350,-2.1810611180387403,-7.899315896174834,120
8360,-1.5479074646085422,-4.1476705600960715,71
8370,-2.597009342975125,-6.483275525231774,110
8380,-2.3829290503019394,-6.597307528653766,109
8390,-1.0860014193649903,-6.640977379766217,119
8400,-1.9687183034367326,-4.92553193803389,92
8410,-2.2744264418409936,-5.1299074719957485,84
8420,-2.588403709971276,-6.002722288573064,92
8430,-0.9195250295550075,-6.323838633322886,108
8440,-2.521092724381947,-6.377020769861336,104
8450,-1.8049984200606242,-5.863001690832361,107
8460,-1.5788500201325961,-6.695765814367183,109
8470,-2.461245182746458,-6.191727313592334,103
8480,-1.3496414810404898,-5.276070925245969,103
8490,-0.10171997161385127,-5.578072788443485,94
8500,-1.5530766620905219,-6.420959107907694,111
8510,-3.3647488162713475,-7.101803449923283,106
8520,-1.9246595516703617,-6.003103049658836,99
8530,-2.55315443862271,-5.071392063096216,80
8540,-1.7806697314480049,-5.9854226865830675,96
8550,-0.778845680940583,-6.6388887812903015,110
8560,-1.8307419672801744,-5.770942882966838,102
8570,-1.7552314178158888,-5.93603281760354,101
8580,0.41094660190352394,-6.123187357190675,96
8590,-4.1425265595561145,-6.256561207156641,86
8600,-2.4999313230370017,-6.49902706866281,95
8610,-1.3044454646488473,-5.250482104755682,84
8620,-3.492701199538199,-6.73033722374475,107
8630,-1.160632992094436,-4.919570108860141,91
8640,-1.5667238817833034,-5.961316909076892,102
8650,-2.7064095943959297,-6.866900013457407,107
8660,-2.6773743234436234,-5.576878647681479,82
8670,-1.7550233568608788,-6.221570472699021,94
8680,-3.486504578659339,-6.240524678378256,96
8690,-2.921796665842672,-6.314029397352369,89
8700,-1.4730783575054756,-5.499154603616998,89
8710,-2.274412909672275,-6.396377349006953,107
8720,-3.3000969028081073,-6.046258334570315,97
8730,-2.516867411785119,-7.670968849874786,124
8740,-1.9565816534779328,-6.191462816960401,98
8750,-3.1061283857281086,-6.982324667298019,108
8760,-4.051428581331971,-6.3793879153887225,102
8770,-0.9890573503364464,-5.301185121636691,88
8780,-1.8226331181019824,-4.597640941292607,90
8790,-3.604502973417376,-5.597313628325054,93
8800,-2.1134948970544905,-5.153438107532412,96
8810,-3.8441515849579213,-7.134667159430795,102
8820,-2.8062474993946807,-6.672686990800321,112
8830,-3.7072117127413335,-7.128533126139771,106
8840,-2.4113334113226585,-5.0676442027453446,81
8850,-2.5241087965366042,-6.621468280788029,103
8860,-2.5505748951002825,-5.951288795724038,84
8870,-1.2825772740140344,-5.657033064507,102
8880,-1.2677386281861796,-5.691355816316142,87
8890,-2.9839338176433445,-7.547800586346458,95
8900,-2.6568354260183047,-6.207295562975712,104
8910,-2.1039973852818865,-6.824844919200405,110
8920,-3.024365243094334,-6.789428682540883,109
8930,-1.7077706770461085,-5.623726569932464,97
8940,-2.4214559059696112,-5.865346551669455,88
8950,-4.119895689179288,-7.084114034406632,96
8960,-1.572082373920482,-6.354135643576422,102
8970,-3.7865089205512783,-7.476532637780416,102
8980,-1.874621230197365,-6.365516323018088,96
8990,-1.8113272282112851,-6.645620531809766,111
9000,-0.5803611769684123,-5.076897777879798,77
9010,-1.2888494154026278,-5.928886827564021,111
9020,-4.010967180212484,-6.255694280428707,82
9030,-1.9498684880106039,-6.1361770056819545,92
9040,-2.4357716584477886,-6.027487418236267,100
9050,-2.612320769570111,-6.309497213316824,92
9060,-1.3752849040228479,-5.615403893957435,91
9070,-3.045774475943854,-6.3448405256733125,100
9080,-0.989605867440106,-5.98663998840275,112
9090,-1.8642693685312581,-5.582999647816071,76
9100,-1.3941145004617672,-4.713939711773583,80
9110,-0.4328714154723312,-4.6044392322630765,76
9120,-2.3393748776016103,-7.26490624018928,102
9130,-1.8071976619596994,-6.408314042142044,94
9140,-2.4547842047967237,-6.026017260233757,81
9150,-2.783789245609014,-6.119653559936352,101
9160,-1.2546691623061879,-6.822150423431728,94
9170,-2.7273648460718043,-5.858159150176117,94
9180,-2.674821421414873,-6.392141608849821,104
9190,-2.6670233273294564,-5.9427162963033195,89
9200,-2.837223607516835,-6.103782086206618,97
9210,-1.988960766921843,-6.588367253107031,99
9220,-1.9002570981397033,-6.306224601327858,102
9230,-2.7448067560706577,-5.9454378052251835,81
9240,-1.9567260626812844,-5.8036289899697,98
9250,-1.9164058991722261,-5.314557699041771,92
9260,-1.2654305163454906,-4.556682903363936,77
9270,-2.082852795131262,-5.350949780827476,91
9280,-3.821730603297314,-7.082603535462872,110
9290,-2.3431280584594902,-5.600769982230192,89
9300,-0.7695506384206352,-6.254063509847249,85
9310,-2.756991297525346,-6.777402003513112,109
9320,-2.8187904832674686,-6.146339023324623,99
9330,-1.1923575658669119,-5.6532435717010205,83
9340,-2.5147507238266322,-7.715051550130116,104
9350,-1.8263997183439515,-5.546119908526109,89
9360,-2.0050445834762605,-6.361386192142228,98
9370,-2.669983193241249,-5.893787549914977,93
9380,-2.404964074333053,-6.454445582872025,102
9390,-2.9608862857563087,-7.354644975019243,102
9400,-3.502961194333619,-5.571025148771473,83
9410,-3.164777382012049,-5.256092456759756,70
9420,-1.6034095253309752,-4.671799339353908,62
9430,-2.2549824046828704,-6.415971875693174,100
9440,-1.3896904118858244,-6.640905222894368,113
9450,-3.7533563251157114,-6.811474395976567,88
9460,-3.3608846274914743,-6.327580747478899,114
9470,-3.294648614629323,-6.049382214312233,90
9480,-2.511644973938783,-5.944642546565543,99
9490,-2.737210092318702,-5.585418495488709,79
9500,-2.7112302456082533,-5.126348425052836,67
9510,-2.976446062941191,-6.5591580873255895,96
9520,-0.6482368353110792,-4.654596001812182,78
9530,-1.0932940858111526,-5.774818433345775,105
9540,-3.5506871075591917,-7.628648035003963,107
9550,-2.297074665063858,-6.734012779539314,114
9560,-2.8906550650585565,-6.335700946225806,101
9570,-2.833603479232523,-7.364160495189651,114
9580,-2.170620332727707,-6.863719181960058,108
9590,-1.0470490842602729,-5.063314646553238,101
9600,-3.352465475079569,-5.800269642185167,79
9610,-0.26061409299040683,-7.015108013516539,104
9620,-2.7105358310907,-5.903689616012337,105
9630,-2.8678191679716,-6.563549307897956,104
9640,-1.7009867320704006,-6.257625029454175,95
9650,-2.473770630845845,-4.849456762865337,72
9660,-1.7766643201243884,-6.238402290644402,111
9670,-0.8923181931559321,-5.108631017571902,95
9680,-2.095158992684494,-5.974041906608287,97
9690,-1.2522731793213873,-5.345927604497462,92
9700,-2.2189585735988393,-5.928383813631367,89
9710,-2.5260557767788816,-5.5662086781621944,98
9720,-0.7251257767422765,-4.885464442058112,91
9730,-1.390674447526894,-6.041051294740079,99
9740,-2.320044451662956,-6.234543409196934,90
9750,-1.2810332712025674,-5.203609481769505,90
9760,-1.5915574641147758,-5.662434548584889,78
9770,-1.0063309834575596,-5.606841244602631,94
9780,-1.594685974128751,-5.7419265328129665,100
9790,-2.627475727718565,-5.990177982945045,96
9800,-3.021985481913878,-6.906037651436646,109
9810,-2.2016015146790915,-5.881382248844518,85
9820,-1.7829786733022215,-4.799222074606609,86
9830,-2.156028716064953,-5.791411789041595,85
9840,-1.359316269052846,-6.077115709719339,97
9850,-2.7544884195753836,-5.862960332321494,103
9860,-1.9102870104666267,-6.511259242401153,102
9870,-3.924603681599885,-6.547873994332889,99
9880,-2.529984135891238,-5.524209537324839,99
9890,-2.6977781265544647,-7.114123492993783,110
9900,-3.96492718971343,-6.833916792487193,91
9910,-0.5171778163672776,-5.893588468295374,99
9920,-3.865818165728683,-6.490319853212142,91
9930,-1.3674563682377623,-4.998816514076255,80
9940,-1.217310669848318,-5.797487650423373,92
9950,-1.6282869642065605,-5.36783151367362,86
9960,-1.2460731800974014,-5.993658326650047,94
9970,-2.3095180717352997,-6.624187740994189,109
9980,-3.2071205750334255,-6.281412651976861,99
9990,-3.1984502682996054,-5.579404675480689,82
10000,-2.7089046100701815,-6.75371795295671,99
